"corpus","classlaweb_bs"
"subcorpus","-"
"concordance size","20159"
"query","Query:[lemma_lc=""arheol.*""]"
"text.genre", "Frequency", "Relative density", "Relative in text types"
"News",10184, 106.44469, 26.74032
"Information/Explanation",6189, 340.02014, 85.41757
"Opinion/Argumentation",1319, 52.05016, 13.07569
"Mix",718, 89.27935, 22.42816
"Forum",508, 22.50000, 5.65230
"Other",414, 57.28575, 14.39094
"Promotion",398, 48.30705, 12.13537
"Legal",317, 58.78222, 14.76687
"Prose/Lyrical",66, 12.67615, 3.18442
"Instruction",46, 8.08743, 2.03167
"p.script", "Frequency", "Relative density", "Relative in text types"
"Latin",19270, 101.44706, 25.48485
"Cyrillic",596, 71.34108, 17.92182
"unk",293, 89.20754, 22.41012
"text.tld", "Frequency", "Relative density", "Relative in text types"
"ba",12907, 113.62478, 28.54405
"com",3477, 72.90273, 18.31413
"info",1980, 116.35225, 29.22923
"net",906, 69.79159, 17.53257
"org",594, 89.98698, 22.60592
"news",136, 113.87247, 28.60627
"tv",73, 60.76460, 15.26487
"biz",42, 107.13525, 26.91380
"eu",12, 269.61624, 67.73117
"online",10, 54.34860, 13.65309
"world",9, 244.23191, 61.35429
"si",5, 12.76956, 3.20788
"name",5, 52.95319, 13.30254
"gov",2, 175.23691, 44.02183
"travel",1, 120.75113, 30.33428
"text.domain", "Frequency", "Relative density", "Relative in text types"
"piramidasunca.ba",2588, 18217.99705, 4576.60239
"old.kons.gov.ba",1622, 2409.97424, 605.41748
"magicus.info",1120, 149.72950, 37.61403
"nedjelja.ba",365, 194.67027, 48.90375
"pozitivno.ba",362, 1740.93083, 437.34491
"akta.ba",350, 133.18899, 33.45884
"bhstring.net",313, 67.01105, 16.83406
"alternativnahistorija.com",276, 5823.28816, 1462.88719
"ljportal.com",272, 396.58157, 99.62655
"bih-x.info",255, 309.69816, 77.80028
"srpskainfo.com",249, 69.91078, 17.56251
"tuzlanski.ba",236, 81.41996, 20.45377
"zemaljskimuzej.ba",225, 13045.52212, 3277.20811
"troplet.ba",211, 121.60821, 30.54959
"ff.sum.ba",193, 2648.18038, 665.25802
"ex-iskon-pleme.com",179, 25.38061, 6.37595
"alternativa-forum.com",178, 40.79101, 10.24724
"mail.infobiro.ba",167, 158.68026, 39.86259
"rogaticani.com",156, 185.24226, 46.53531
"most.ba",155, 214.88295, 53.98145
"infobiro.ba",146, 105.82029, 26.58346
"bhputovanja.ba",145, 519.70539, 130.55688
"tacno.net",145, 46.21214, 11.60910
"vecernji.ba",140, 76.88069, 19.31345
"katera.news",136, 114.52705, 28.77071
"lupiga.com",136, 58.00727, 14.57219
"rogatica.com",135, 126.50048, 31.77860
"radiodonjivakuf.com.ba",134, 172.66627, 43.37606
"galaksija.info",134, 63.86407, 16.04350
"idoconline.info",132, 170.60956, 42.85938
"kons.gov.ba",131, 8574.96413, 2154.14467
"wikiwand.com",130, 253.87249, 63.77614
"frontal.ba",121, 84.88299, 21.32373
"muzejibtuzla.podkonac.org",116, 30416.90727, 7641.13036
"muzejtravnik.ba",113, 6748.53759, 1695.32211
"m.vecernji.ba",113, 77.85246, 19.55757
"bhdocumentary.net",106, 3235.80535, 812.87720
"federalna.ba",101, 152.25155, 38.24761
"arhiva.vipromo.ba",98, 687.08597, 172.60510
"bir.ba",95, 188.10966, 47.25564
"radisici.ba",94, 446.51878, 112.17144
"arhiva.h-alter.org",90, 38.76780, 9.73898
"grude.com",89, 64.70151, 16.25388
"notra.ba",89, 69.60556, 17.48584
"fbihvlada.gov.ba",88, 140.20226, 35.22067
"bolji-ljubuski.com",86, 639.61508, 160.67979
"mrkonjic-grad.com",85, 193.49279, 48.60795
"forum.klix.ba",85, 41.73007, 10.48315
"nkp.ba",84, 85.08777, 21.37518
"grad.ba",84, 47.59239, 11.95584
"dobojski.info",83, 49.10947, 12.33695
"ntv.ba",82, 59.92626, 15.05427
"klix.ba",81, 86.03361, 21.61278
"rtv7.ba",78, 113.29539, 28.46131
"bathinvs.com",76, 29555.66666, 7424.77530
"sveske.ba",76, 54.20696, 13.61751
"mondo.ba",73, 73.81861, 18.54421
"tomislavcity.com",73, 132.33625, 33.24462
"rtrs.tv",72, 61.13683, 15.35838
"058.ba",72, 95.09363, 23.88878
"startbih.ba",70, 88.41502, 22.21103
"intelektualno.com",67, 557.15971, 139.96591
"antena-radio.ba",66, 167.29941, 42.02783
"moj.ba",65, 68.68655, 17.25497
"hms.ba",60, 139.87418, 35.13825
"spomenici-sa.ba",59, 6553.20227, 1646.25129
"dan.ba",58, 140.16306, 35.21082
"koraknaprijed.com",57, 138.79966, 34.86831
"portalnovosti.com",57, 56.19467, 14.11685
"avaz.ba",57, 56.41143, 14.17130
"radiosarajevo.ba",57, 335.45318, 84.27029
"bpz.ba",55, 86.18918, 21.65186
"zdk.ba",54, 175.57958, 44.10792
"preporod.com",54, 38.73898, 9.73175
"unibl.org",53, 238.46197, 59.90481
"krupljani.ba",51, 129.42921, 32.51433
"polis.ba",51, 228.11903, 57.30653
"novum.ba",50, 320.14490, 80.42464
"trafika.ba",50, 95.46549, 23.98220
"krepsic.com",47, 554.06277, 139.18791
"media.ba",47, 55.28179, 13.88752
"srebrenica.gov.ba",47, 1267.48394, 318.40877
"prijedorgrad.org",45, 245.27730, 61.61691
"wol.jw.org",45, 105.52089, 26.50825
"panonikasojenice.ba",44, 27483.13067, 6904.12678
"prometej.ba",44, 104.41823, 26.23124
"esrebrenica.ba",44, 4854.75890, 1219.57980
"filmofil.ba",42, 59.59905, 14.97207
"caportal.biz",42, 203.85426, 51.21089
"poslovnojutro.ba",42, 29.31951, 7.36545
"balkans.aljazeera.net",42, 95.48485, 23.98706
"bosnjaci.net",42, 55.97827, 14.06248
"gracanickiglasnik.ba",41, 1168.33304, 293.50075
"ilijas.ba",40, 292.72355, 73.53604
"kakanj.com.ba",39, 361.03605, 90.69704
"icentar.ba",39, 137.11080, 34.44405
"cro-eu.com",38, 223.03795, 56.03009
"gorazdeonline.ba",38, 159.55646, 40.08270
"magazin.ba",38, 78.19420, 19.64342
"seljacionline-forum.com",37, 71.17594, 17.88034
"ba.n1info.com",37, 1149.30099, 288.71965
"fokus.ba",36, 47.67044, 11.97545
"cidom.org",35, 2059.45008, 517.36116
"turizam.mostar.ba",35, 2702.69364, 678.95247
"likestory.info",34, 462.88579, 116.28305
"bilecainfo.com",34, 118.06125, 29.65855
"kupreskiradio.com",34, 288.06595, 72.36598
"livno-online.com",34, 356.33504, 89.51609
"muftijstvo-mostarsko.ba",34, 241.60529, 60.69445
"epoha.ba",33, 48.76799, 12.25117
"bosnapress.net",32, 317.35569, 79.72396
"bosniauknetwork.org",32, 956.50662, 240.28714
"source.ba",31, 37.65948, 9.46056
"hercegbosna.org",31, 984.80612, 247.39635
"mojagradiska.com",31, 686.04969, 172.34478
"rtv-kd.com",31, 52.90782, 13.29114
"bosanski-forum.com",30, 54.26000, 13.63083
"depo.ba",30, 74.34190, 18.67567
"prijepisi.blogspot.com",29, 2097.68439, 526.96613
"knjiga.ba",29, 152.61715, 38.33945
"kartabih.com",29, 6553.49232, 1646.32416
"izdvojeno.ba",29, 34.65167, 8.70496
"ff.unsa.ba",28, 3875.22028, 973.50671
"bev.ba",28, 269.66908, 67.74445
"bug.ba",27, 61.76114, 15.51522
"enovosti.ba",27, 4303.43960, 1081.08108
"herag.ba",27, 2531.22640, 635.87763
"derventa.org",27, 1029.20074, 258.54887
"jungletribe.ba",26, 1087.30943, 273.14654
"logicno.com",26, 43.99136, 11.05121
"biskupija-banjaluka.org",26, 245.29886, 61.62233
"srv2.idoconline.info",26, 110.17604, 27.67768
"podgradina.net",26, 1033.85033, 259.71691
"radio-capljina.com",25, 306.46182, 76.98727
"djordje.rs.ba",25, 147.62796, 37.08610
"opcinailidza.ba",25, 221.03551, 55.52705
"mrkonjic-grad.rs.ba",25, 325.42647, 81.75144
"tomislavnews.com",25, 130.60750, 32.81034
"indikator.ba",25, 29.03356, 7.29361
"pixelizam.com",25, 397.41005, 99.83467
"sirokibrijeg.ba",25, 268.67234, 67.49405
"ivanlovrenovic.com",24, 752.47402, 189.03145
"agroeko.net",23, 172.47548, 43.32813
"radioposusje.ba",23, 115.06002, 28.90460
"posjeti.ba",23, 2430.53114, 610.58165
"u17704981.onlinehome-server.com",23, 144.16673, 36.21659
"bljesak.info",22, 350.68995, 88.09796
"grude.info",22, 954.69357, 239.83168
"travnik-grad.info",21, 155.84208, 39.14960
"bpkg.gov.ba",21, 26.46799, 6.64911
"fena.ba",21, 137.25745, 34.48089
"vasicrajko.blogspot.com",21, 40.18700, 10.09551
"tip.ba",21, 258.38914, 64.91078
"mail.media.ba",20, 43.83839, 11.01279
"ckbuzim.ba",20, 96.83448, 24.32611
"turizamrs.org",20, 1551.43878, 389.74199
"visitvisoko.com",20, 11824.39219, 2970.44408
"hrvatska.ba",20, 792.43565, 199.07034
"ramski-vjesnik.ba",20, 1113.63313, 279.75941
"centarzakrs.ba",19, 1535.19569, 385.66151
"kns.ba",19, 124.01142, 31.15331
"zavicajnimuzej.com",19, 5984.09297, 1503.28349
"digi.ba",19, 16438.37231, 4129.53706
"radiobk.ba",19, 241.19111, 60.59041
"srebrenik.ba",18, 120.67039, 30.31400
"bosliterni.ba",18, 471.41512, 118.42573
"frontslobode.ba",18, 186.54587, 46.86280
"zenicagrad.ba",18, 109.74665, 27.56981
"nomad.ba",18, 57.01562, 14.32308
"asgmo.ba",18, 1700.45968, 427.17801
"mmportal.net",17, 101.11178, 25.40062
"chwb.org",17, 2764.92698, 694.58631
"aabh.ba",17, 210.46152, 52.87072
"svjetlorijeci.ba",17, 193.37447, 48.57823
"rama.co.ba",17, 117.54396, 29.52860
"buziminfo.ba",17, 188.49762, 47.35310
"infobih.com",17, 3172.45266, 796.96217
"hercegovina.info",17, 343.89289, 86.39045
"visitmycountry.net",17, 691.44363, 173.69981
"hrvatskiglasnik.ba",16, 2325.07962, 584.09083
"crnagora.ba",16, 1864.16045, 468.30182
"jna-sfrj.forumbo.net",16, 34.97588, 8.78641
"kontiki.ba",16, 3446.85064, 865.89458
"logovita.ba",16, 195.62591, 49.14382
"tebe-trazim.com",16, 32.49495, 8.16316
"dialogos.ba",16, 214.57031, 53.90291
"deblokada.com",16, 99.97850, 25.11593
"magic.ba",16, 125.65556, 31.56634
"bratunac.ba",15, 53.92212, 13.54595
"konjic.ba",15, 1830.87188, 459.93929
"mahalla.ba",15, 45.31287, 11.38319
"bibliotekapreporodatravnikknj.librarika.com",15, 2436.75418, 612.14496
"novi.ba",15, 29.98918, 7.53368
"ljubuski.net",15, 613.16093, 154.03415
"malovan.net",14, 264.76729, 66.51305
"kbf.unsa.ba",14, 846.63187, 212.68515
"h.etf.unsa.ba",14, 2639.33426, 663.03576
"posusje.net",14, 113.68829, 28.56000
"putovanja.ba",14, 355.19601, 89.22995
"zene.ba",14, 21.88876, 5.49875
"mostarskoljeto.ba",14, 1213.46389, 304.83822
"majevica.forumakers.com",14, 6675.79574, 1677.04839
"bosanskepiramide.ba",14, 20428.71805, 5131.96481
"media-marketing.com",14, 20.31437, 5.10324
"muzejhercegovine.com",14, 6251.91192, 1570.56316
"nap.ba",13, 34.44720, 8.65359
"eak.ba",13, 918.08646, 230.63549
"putuj.ba",13, 873.57543, 219.45373
"static02.source.ba",13, 75.18348, 18.88709
"paragraf.ba",13, 15.47951, 3.88866
"radiosirokibrijeg.com",13, 200.10851, 50.26991
"zesveske.ba",13, 90.57169, 22.75281
"medzlismostar.ba",12, 274.41464, 68.93660
"ftp.source.ba",12, 72.23856, 18.14728
"magazinplus.eu",12, 432.86707, 108.74195
"dijaspora.mhrr.gov.ba",12, 110.84493, 27.84572
"prijedor24.com",12, 116.26304, 29.20682
"mojmag.com",12, 99.99703, 25.12058
"unescobih.mcp.gov.ba",12, 1532.30832, 384.93616
"mostarski.info",12, 643.88014, 161.75123
"continentaladventure.net",12, 7821.87319, 1964.95824
"fmks.gov.ba",11, 508.57741, 127.76139
"makdizdar.ba",11, 298.80511, 75.06380
"cin.ba",11, 142.42847, 35.77992
"rfe.pangea-cms.com",11, 26.45147, 6.64496
"ladiesin.ba",11, 25.43490, 6.38958
"blog.mtel.ba",11, 49.41832, 12.41454
"profitiraj.ba",11, 20.26620, 5.09114
"europa.ba",11, 29.41692, 7.38992
"sadrzaj.net",11, 925.87694, 232.59256
"redovnistvo.ba",11, 40.88255, 10.27024
"vatan.ba",11, 58.65761, 14.73557
"trebinjedanas.com",11, 393.21023, 98.77962
"abrasmedia.info",11, 361.34560, 90.77480
"bhdijaspora.net",11, 784.04774, 196.96319
"infodrina.com",10, 9.88838, 2.48409
"sarajevo.co.ba",10, 134.17380, 33.70624
"bijeljina.online",10, 75.64499, 19.00303
"bh-vijesti.com",10, 17.04219, 4.28123
"donji-vakuf.ba",10, 4086.10309, 1026.48327
"infoprijedor.ba",10, 51.88029, 13.03302
"static01.source.ba",10, 46.24828, 11.61818
"news.ius.edu.ba",10, 132.69691, 33.33522
"grad.tuzla.ba",10, 847.33213, 212.86107
"bosona.ba",10, 6038.65539, 1516.99029
"glassrpske.com",10, 76.13546, 19.12624
"visitbih.ba",10, 325.68473, 81.81632
"derventa.ba",10, 1948.73532, 489.54815
"glasila.ba",10, 1319.98595, 331.59797
"slikeinovosti.blogspot.com",9, 17.51024, 4.39880
"haber.ba",9, 239.79528, 60.23975
"mail.livno-online.com",9, 129.55792, 32.54667
"semirosmanagic.com",9, 33671.17921, 8458.64662
"travnicki.ba",9, 67.36882, 16.92394
"una.world",9, 244.23191, 61.35429
"samostan-dubrave.ba",9, 2071.35376, 520.35153
"ksc-sarajevo.com",9, 288.96938, 72.59294
"islamskazajednica.ba",9, 21.51747, 5.40547
"bigportal.ba",9, 63.49450, 15.95066
"pfk.edu.ba",9, 349.96713, 87.91638
"zenicainfo.ba",9, 389.70255, 97.89845
"banjaluka-turizam.com",9, 586.99613, 147.46121
"zdraviportal.ba",9, 65.45308, 16.44268
"dzematrahic.ba",9, 64.86399, 16.29469
"zenit.ba",9, 738.22655, 185.45230
"ljubusaci.com",9, 301.82085, 75.82140
"centralna.ba",9, 23.69170, 5.95167
"banjalukaforum.com",9, 27.66854, 6.95070
"narod.ba",9, 165.59724, 41.60022
"radimlja.ba",9, 3384.93336, 850.34014
"old.unsa.ba",9, 529.20522, 132.94337
"face.ba",8, 256.30968, 64.38839
"civilis.ba",8, 135.90061, 34.14003
"penbih.ba",8, 36.02476, 9.04990
"serb-victims.org",8, 23.86897, 5.99620
"opcina-jajce.ba",8, 125.37777, 31.49656
"historija.info",8, 157.68432, 39.61239
"prosvjeta.com.ba",8, 177.95428, 44.70448
"novikonjic.ba",8, 161.69473, 40.61986
"gobih.ba",8, 119.78910, 30.09261
"kozarski.com",8, 118.31729, 29.72287
"medzlis.ba",8, 71.74726, 18.02386
"furaj.ba",8, 362.23003, 90.99699
"radiosrebrenik.ba",8, 468.85329, 117.78216
"ukrina.ba",8, 1808.68138, 454.36474
"igre123.net",8, 13.90337, 3.49271
"igbd.org",8, 26.59954, 6.68216
"odzak.ba",8, 1378.29271, 346.24540
"dental4u.ba",8, 84.91441, 21.33163
"unsa.ba",8, 302.50352, 75.99289
"zsd.eu.com",8, 207.51631, 52.13085
"stav.ba",8, 133.87023, 33.62998
"ptice.info",7, 117.58280, 29.53836
"bastina.ba",7, 1605.94614, 403.43496
"stari.kbf.unsa.ba",7, 384.05033, 96.47853
"summit.mandala.ba",7, 7943.20736, 1995.43900
"predsjednistvobih.ba",7, 77.27743, 19.41311
"antikorupcija.info",7, 26.38432, 6.62809
"nova-topola.rs.ba",7, 252.01251, 63.30888
"scsport.ba",7, 10.83362, 2.72155
"prozor-rama.org",7, 1512.74546, 380.02172
"poptheo.ba",7, 52.04536, 13.07448
"e-turizam.com",7, 589.06986, 147.98216
"fmoit.gov.ba",7, 103.28778, 25.94726
"minber.ba",7, 6.42631, 1.61438
"fosilihercegovina.blogspot.com",7, 7126.54000, 1790.28133
"zemuzej.ba",7, 1529.43473, 384.21428
"perspektiva.ba",7, 338.37002, 85.00304
"fmon.gov.ba",7, 189.09960, 47.50433
"sm-art.ba",7, 243.26060, 61.11029
"prijedor24h.net",7, 29.33801, 7.37010
"radio-rama.info",7, 43.43920, 10.91250
"bistrobih.ba",7, 17.76056, 4.46169
"rdv.ba",7, 149.22333, 37.48688
"zavidovici.ba",7, 147.97601, 37.17354
"thebosniatimes.ba",6, 120.22778, 30.20281
"bosanskipetrovac.gov.ba",6, 182.20029, 45.77113
"visoko.co.ba",6, 3803.19901, 955.41401
"sscitluk.ba",6, 211.21783, 53.06072
"vipromo.ba",6, 482.48737, 121.20722
"rmubreza.ba",6, 763.75319, 191.86493
"radiokostajnica.com",6, 82.55250, 20.73828
"radiogradacac.ba",6, 56.83724, 14.27827
"aura.ba",6, 292.98442, 73.60157
"stolacx.ba",6, 2969.91915, 746.08306
"handzar.jimdofree.com",6, 201.79702, 50.69409
"quercus.ba",6, 24699.16214, 6204.75698
"panonika.ba",6, 6712.78521, 1686.34064
"travnik.ba",6, 245.50135, 61.67319
"balkannews.ba",6, 1092.69328, 274.49904
"alu.unsa.ba",6, 221.55311, 55.65708
"mvp.gov.ba",6, 61.05121, 15.33687
"eduinfo.ba",6, 351.86791, 88.39388
"nenadvelickovic.ba",6, 141.42891, 35.52882
"turska.ba",6, 1281.61031, 321.95750
"pozivistine.com",6, 30.61192, 7.69012
"life.ba",6, 114.60696, 28.79079
"bihac.org",6, 398.46663, 100.10010
"radiotrebinje.com",6, 89.45184, 22.47149
"istinito.com",6, 23.74487, 5.96503
"free-word.info",6, 26.16591, 6.57322
"gracija.info",6, 17.98518, 4.51812
"cnak.ba",5, 132.26614, 33.22701
"boce.forumcroatian.com",5, 167.04637, 41.96426
"forum.source.ba",5, 21.14257, 5.31129
"visitbihac.com",5, 311.61398, 78.28156
"lovcirs.com",5, 62.00941, 15.57759
"sgbl.banjaluka.rs.ba",5, 10.11756, 2.54166
"zppks.ba",5, 1271.37708, 319.38678
"liberalniforum.com",5, 36.85523, 9.25852
"bosnjackagim.edu.ba",5, 227.26753, 57.09262
"blog.domacin.ba",5, 76.22527, 19.14880
"relax-portal.info",5, 925.09450, 232.39600
"sarajevo-tourism.com",5, 1084.89088, 272.53897
"attivo-kupres.org",5, 2926.54141, 735.18600
"e-zbornik.gf.sum.ba",5, 720.43321, 180.98237
"avioexpress.ba",5, 1628.62353, 409.13182
"sarajevski.ba",5, 70.12045, 17.61519
"seznam.name",5, 52.95319, 13.30254
"poskok.info",5, 34.32232, 8.62222
"business-magazine.ba",5, 14.79898, 3.71770
"udruzenjeplus.ba",5, 759.64307, 190.83241
"freeradioprijedor.com",5, 189.31107, 47.55745
"preporod-brcko.ba",5, 98.93383, 24.85349
"srebrenica.ba",5, 426.24281, 107.07785
"dnevnibuzz.ba",5, 868.23452, 218.11202
"oslobodjenje.ba",5, 83.26810, 20.91805
"konjictourism.ba",5, 1229.97208, 308.98529
"kupuj387.ba",5, 148.67714, 37.34967
"ksc-travnik.net",5, 1017.50463, 255.61065
"iks-portal.info",5, 111.59872, 28.03508
"vladahbz.com",5, 52.32630, 13.14506
"rama-prozor.info",5, 42.57860, 10.69631
"riva-tours.ba",5, 3133.40808, 787.15365
"ghb.ba",5, 117.14916, 29.42942
"miztravnik.com.ba",5, 123.59371, 31.04838
"bosnazemljabozijemilosti.ba",5, 123.74432, 31.08621
"korporativnoupravljanje.com",5, 97.59969, 24.51834
"upsmedia.ba",5, 1429.73983, 359.16960
"historija.ba",4, 273.71335, 68.76042
"ingeb.unsa.ba",4, 997.22719, 250.51669
"vicevi.net",4, 59.62250, 14.97796
"rtvbn.com",4, 7.91358, 1.98800
"galaksija.blogspot.com",4, 208.21098, 52.30536
"aeptm.gov.ba",4, 226.45817, 56.88929
"mm.co.ba",4, 18.48353, 4.64331
"sportske.ba",4, 3.00090, 0.75387
"volimtuzlu.ba",4, 100.44363, 25.23277
"jews.ba",4, 854.04026, 214.54623
"superportal.ba",4, 303.56179, 76.25875
"hgss.ba",4, 278.93013, 70.07095
"snm.rs.ba",4, 126.09464, 31.67664
"trninfo.ba",4, 86.21886, 21.65932
"vjetrenica.ba",4, 1522.39473, 382.44574
"sic.ba",4, 29.30392, 7.36153
"bijeljinaturizam.com",4, 831.56082, 208.89910
"tntportal.ba",4, 159.78973, 40.14130
"db.mhrr.gov.ba",4, 374.44094, 94.06453
"forum.sport1.oslobodjenje.ba",4, 4.74552, 1.19214
"skolegijum.ba",4, 30.44708, 7.64871
"unbi.ba",4, 247.07849, 62.06939
"novitravnik.ba",4, 14.11028, 3.54469
"palelive.com",4, 136.08121, 34.18540
"medzlis-zvornik.info",4, 37.82255, 9.50153
"anubih.ba",4, 366.65500, 92.10860
"lokal.ba",4, 121.71477, 30.57636
"narodnaskupstinars.net",4, 52.11681, 13.09243
"072info.com",4, 251.94188, 63.29114
"fmslu.ba",4, 2072.46213, 520.62996
"vijece.mostar.ba",4, 88.14521, 22.14324
"ins.ba",4, 73.00888, 18.34080
"arhipedija.com",4, 229.75191, 57.71673
"buybook.ba",4, 137.14665, 34.45306
"osmbklj.edu.ba",4, 551.83775, 138.62896
"islampress.net",4, 34.86291, 8.75802
"cliohipbih.ba",4, 1466.72131, 368.45984
"n-um.com",4, 3.00631, 0.75522
"pit.ba",4, 31.12832, 7.81985
"bibliotekabijeljina.rs.ba",4, 162.31945, 40.77680
"www2015.sum.ba",4, 113.20976, 28.43979
"livno.ba",4, 219.89375, 55.24023
"gosdptuzla.ba",4, 196.84906, 49.45109
"viteski.ba",3, 25.28857, 6.35282
"rijec.ba",3, 95.07922, 23.88516
"kostajnica.com",3, 18.92427, 4.75403
"okanal.oslobodjenje.ba",3, 819.91383, 205.97322
"livnobus.com",3, 8925.29514, 2242.15247
"hbsume.ba",3, 44.86134, 11.26976
"odmoriubih.ba",3, 174.33897, 43.79626
"ajmo.ba",3, 896.14625, 225.12382
"raskrinkavanje.ba",3, 48.15399, 12.09692
"psbih.ba",3, 88.70139, 22.28296
"betty.ba",3, 158.87139, 39.91060
"normala.ba",3, 6.93999, 1.74342
"glasometar.ba",3, 1325.12704, 332.88948
"braniteljskiportal.ba",3, 19.61967, 4.92872
"frama-mostar.ba",3, 69.24611, 17.39554
"vta.ba",3, 579.12055, 145.48276
"kravica.ba",3, 5107.80363, 1283.14799
"prnjavor.info",3, 7.00308, 1.75927
"blog.amber.ba",3, 866.49578, 217.67523
"bosnafolk.com",3, 92.41853, 23.21676
"okbih.ba",3, 1438.10753, 361.27168
"2gimnazija.edu.ba",3, 78.00720, 19.59644
"bosnasrebrenaarhiv.ba",3, 117.16272, 29.43283
"ero.ba",3, 55.81516, 14.02151
"viptravels.ba",3, 2486.37204, 624.60962
"darprirode.ba",3, 2460.75518, 618.17433
"hadzici.ba",3, 772.29806, 194.01151
"jasam.zemaljskimuzej.ba",3, 892.06281, 224.09801
"micromreza.com",3, 44.97081, 11.29726
"medresa.edu.ba",3, 175.69841, 44.13777
"zenicablog.com",3, 105.99040, 26.62619
"pale.rs.ba",3, 92.23366, 23.17032
"nekropola.ba",3, 1555.56140, 390.77765
"navis.ba",3, 2902.07652, 729.04010
"mediain.ba",3, 105.79041, 26.57595
"majkaidijete.ba",3, 98.74028, 24.80487
"biserje.ba",3, 363.22297, 91.24643
"kliker.info",3, 36.76896, 9.23685
"sanela.info",3, 712.74514, 179.05103
"lgbti.ba",3, 26.08983, 6.55411
"tekijablagaj.ba",3, 6716.56068, 1687.28909
"akos.ba",3, 37.22490, 9.35139
"tkh.ba",3, 718.83735, 180.58147
"koncesijebih.ba",3, 324.47682, 81.51288
"obrazovniportal.ba",3, 113.36452, 28.47867
"opcinabuzim.ba",3, 47.11925, 11.83698
"mreza-mira.net",3, 52.79979, 13.26401
"poduzetna.ba",3, 352.64720, 88.58965
"tk.gov.ba",3, 29.71124, 7.46386
"mas.unsa.ba",3, 73.64268, 18.50002
"prvenovine.com",3, 155.70420, 39.11496
"hayat.ba",3, 130.82728, 32.86555
"radiobrcko.ba",3, 96.03806, 24.12603
"zeda.ba",3, 25.69757, 6.45557
"rotary.ba",3, 824.27146, 207.06792
"zepce.ba",3, 32.21303, 8.09234
"miruhbosne.com",3, 238.33563, 59.87307
"upfbihpravnapomoc.ba",3, 7.12931, 1.79098
"samohranadjevojka.blogspot.com",3, 1974.21803, 495.94974
"kresevo.net",3, 748.43600, 188.01705
"glaskrajine.ba",3, 44.13548, 11.08742
"hnsbih.ba",3, 83.01504, 20.85448
"ntvjata.com",3, 146.66493, 36.84417
"diwan-magazine.com",3, 321.46343, 80.75587
"cipiripi-bosna.blogspot.com",3, 1523.41432, 382.70188
"pentagram.forumsr.com",3, 803.47473, 201.84350
"diskriminacija.ba",2, 7.92942, 1.99197
"knjigoljubac.ba",2, 329.32216, 82.73009
"svjetovni-franjevci.info",2, 338.91121, 85.13899
"skyscrapercity.com",2, 1501.01117, 377.07391
"kpktz.ba",2, 23.87545, 5.99783
"nub.ba",2, 49.50881, 12.43727
"djeca.rs.ba",2, 30.97469, 7.78125
"bc-bby.com",2, 135.64417, 34.07561
"agroportal.ba",2, 52.14548, 13.09964
"inforadar.ba",2, 49.29881, 12.38451
"kljuc.ba",2, 76.78414, 19.28919
"arhivsa.ba",2, 139.21388, 34.97237
"muzejtesanj.org",2, 4485.27508, 1126.76056
"bosnainfo.ba",2, 44.71094, 11.23198
"artschoolsa.edu.ba",2, 178.16635, 44.75775
"novine.ba",2, 37.99520, 9.54490
"blog.olx.ba",2, 23.07073, 5.79567
"vuk.mojforum.si",2, 9.96264, 2.50275
"biolog.ba",2, 205.50757, 51.62623
"zasrebrenicu.ba",2, 10.15634, 2.55141
"mizbihac.ba",2, 65.46312, 16.44520
"mseus.ba",2, 327.34523, 82.23346
"citytravel.ba",2, 779.60862, 195.84802
"glasbosanski.ba",2, 23.74088, 5.96403
"osbukovica.ba",2, 122.89468, 30.87277
"kocerin.info",2, 315.07691, 79.15150
"villafortuna.ba",2, 4944.94613, 1242.23602
"kakanj.gov.ba",2, 271.57058, 68.22213
"mangala1.kim.ba",2, 297.59881, 74.76077
"fojnica.ba",2, 26.97514, 6.77651
"henatrebisnjici.com",2, 189.90443, 47.70651
"agroklub.ba",2, 79.97753, 20.09142
"osmccsa.edu.ba",2, 106.83956, 26.83951
"umhis.ba",2, 304.29856, 76.44383
"manager.ba",2, 13.65974, 3.43151
"trecaosnovna.edu.ba",2, 278.31096, 69.91540
"preporod.info",2, 84.91215, 21.33106
"aco.ba",2, 1047.40998, 263.12327
"tourism-tk.ba",2, 747.82672, 187.86399
"ppp.dws.ba",2, 6.02545, 1.51367
"rogatica-bih.blogspot.com",2, 685.26108, 172.14667
"vlada-hnz-k.ba",2, 27.28204, 6.85361
"prf.unze.ba",2, 185.13507, 46.50838
"karike.ba",2, 6.02096, 1.51254
"ba.usembassy.gov",2, 175.23691, 44.02183
"hamdocamo.wordpress.com",2, 154.31690, 38.76645
"hotel-swissplus.com",2, 1992.33315, 500.50050
"fojnica-samostan.com",2, 59.83378, 15.03104
"banjaluka-tourism.com",2, 244.94241, 61.53278
"elitetravel.ba",2, 466.85998, 117.28142
"bhpcelar.ba",2, 121.56052, 30.53761
"mirovna-akademija.org",2, 71.81587, 18.04110
"kvirarhiv.org",2, 176.42128, 44.31937
"policyhub.analitika.ba",2, 150.46423, 37.79861
"privrednastampa.ba",2, 6.65823, 1.67264
"visitpraca.com",2, 999.79446, 251.16162
"miss-una.com",2, 123.74278, 31.08583
"kupisadnice.ba",2, 198.55259, 49.87904
"skupstina.tk.gov.ba",2, 2230.07374, 560.22409
"ba.voanews.com",2, 12.09483, 3.03838
"schachermayer.ba",2, 209.18477, 52.54999
"slovogorcina.ba",2, 850.57300, 213.67521
"ideaplus.rs.ba",2, 116.42143, 29.24661
"redah.ba",2, 1910.11595, 479.84645
"radio-feral.ba",2, 11.70629, 2.94077
"ljubinje.forumsr.com",2, 74.28862, 18.66229
"opcinakupres.ba",2, 144.52345, 36.30621
"info.ba",2, 4.17772, 1.04950
"travnicki.info",2, 102.14865, 25.66109
"doljani.info",2, 151.50938, 38.06116
"mail.sapna.ba",2, 113.47763, 28.50708
"fpmoz.sum.ba",2, 42.71599, 10.73082
"naff.ba",2, 514.00111, 129.12389
"religis.com",2, 23.13415, 5.81161
"bihamk.ba",2, 108.76179, 27.32240
"rijecidjelo.ba",2, 13.64488, 3.42777
"ski-jahorina.ba",2, 695.49780, 174.71827
"muhammad.com",2, 5.98149, 1.50263
"fatmiralispahic.ba",2, 49.93830, 12.54516
"kanal6.ba",2, 88.01074, 22.10946
"vrbovac.com",2, 921.13424, 231.40113
"bbm.edu.ba",2, 64.44569, 16.18961
"sff.ba",2, 24.00742, 6.03098
"vidovitadzemila.com",2, 43.71277, 10.98123
"pravnapomoc.upfbih.ba",2, 9.15983, 2.30107
"vrhbosanska-nadbiskupija.org",2, 506.73816, 127.29934
"svijetkonja.ba",2, 178.21820, 44.77077
"akcija.org.ba",2, 171.48501, 43.07931
"visitprijedor.com",2, 313.66178, 78.79600
"fbihpotpredsjednik.gov.ba",2, 96.72766, 24.29927
"strelec.si",2, 780.60234, 196.09766
"centrotours.ba",2, 229.58628, 57.67512
"icomosubih.ba",2, 4089.04122, 1027.22137
"forumbosna.org",2, 101.71666, 25.55257
"historiografija.ba",2, 153.56679, 38.57801
"osem.edu.ba",2, 420.14688, 105.54647
"cazin.ba",2, 104.92874, 26.35949
"framost.com",2, 59.91619, 15.05174
"osuc.edu.ba",2, 156.72900, 39.37240
"znaci.ba",2, 22.01808, 5.53123
"infosvijet.net",2, 40.92152, 10.28003
"bogoslovski.ues.rs.ba",2, 760.03468, 190.93079
"index.ba",2, 82.93691, 20.83485
"ksckakanj.ba",2, 644.22749, 161.83849
"gugu.ba",2, 9.31580, 2.34025
"cns.ba",2, 137.40229, 34.51728
"euprojekti.apriori.ba",2, 9756.57263, 2450.98039
"ringeraja.ba",2, 0.72639, 0.18248
"vijecnica.ba",2, 1511.84262, 379.79491
"radiobobovac.com",2, 164.66789, 41.36676
"instituteforgenocide.org",2, 14.64881, 3.67997
"studirajvani.ba",2, 288.08986, 72.37199
"ues.rs.ba",2, 877.38189, 220.40996
"infobirac.net",2, 393.58134, 98.87285
"nubt.ba",2, 45.19316, 11.35312
"reprezent.ba",2, 420.10254, 105.53533
"zupagrabovica.com",2, 255.09831, 64.08408
"matematika.ba",2, 92.00591, 23.11310
"srebrenica.famamethodology.net",2, 165.36220, 41.54118
"domacifilmovi.ba",2, 1067.92264, 268.27632
"nocistrazivaca.ba",2, 371.40153, 93.30099
"sambucol.ba",1, 682.79273, 171.52659
"artinfo.ba",1, 76.15177, 19.13033
"smsfojnica.com",1, 38.14009, 9.58130
"osvpc.ba",1, 104.92597, 26.35880
"geotehnika.ba",1, 1379.78566, 346.62045
"bnp.ba",1, 19.76574, 4.96542
"quantumfuture.net",1, 83.76503, 21.04289
"cuspajz.com",1, 1.98537, 0.49875
"udas.rs.ba",1, 17.57553, 4.41521
"tnt.ba",1, 33.14997, 8.32771
"zarada.ba",1, 52.07930, 13.08301
"svevijesti.ba",1, 40.93877, 10.28436
"bihlive.com",1, 106.24217, 26.68944
"mladi.ba",1, 74.64105, 18.75082
"infocentar.ba",1, 257.71602, 64.74168
"hercegovina.ba",1, 557.83095, 140.13453
"osis.edu.ba",1, 198.71614, 49.92013
"advokatskakomora.ba",1, 253.09522, 63.58087
"flw.ius.edu.ba",1, 450.45622, 113.16057
"ceker.ba",1, 33.24410, 8.35136
"hotelbigeste.ba",1, 2392.23656, 600.96154
"pdp.rs.ba",1, 3.77622, 0.94864
"zanimljivosti-vicevi.blogspot.com",1, 8865.66065, 2227.17149
"zilavka.ba",1, 1278.31780, 321.13038
"divan-karupovic.ba",1, 560.97543, 140.92446
"bhdoktor.ba",1, 194.70196, 48.91171
"draganmocevic.com",1, 113.56504, 28.52904
"zupanijaposavska.ba",1, 58.57475, 14.71475
"jajce-online.com",1, 144.91542, 36.40467
"kuhar.ba",1, 16.32926, 4.10213
"new.uino.gov.ba",1, 41.50910, 10.42764
"modernazena.ba",1, 254.95943, 64.04919
"mojdoktor.ba",1, 42.12495, 10.58235
"isabeg.edu.ba",1, 146.15515, 36.71611
"fpm.ues.rs.ba",1, 61.42079, 15.42972
"fin.unsa.ba",1, 38.06642, 9.56279
"opcinadobojistok.ba",1, 432.21299, 108.57763
"dobrici.webnode.com",1, 95.54247, 24.00154
"crvena-jabuka.ba",1, 340.78261, 85.60911
"tntradio.ba",1, 59.54825, 14.95931
"kokosar.com",1, 30.14777, 7.57352
"novasloboda.ba",1, 53.33461, 13.39836
"napredak-derventa.ba",1, 1355.35636, 340.48349
"opcinatravnik.com.ba",1, 14.38674, 3.61414
"skupstinabd.ba",1, 21.07073, 5.29325
"enter.ba",1, 15.24599, 3.82999
"gdhb.ba",1, 75.61654, 18.99588
"foto.tuzamk.ba",1, 356.46831, 89.54957
"split.ssfcr.org",1, 83.45944, 20.96612
"svjetlost.ba",1, 91.49520, 22.98481
"turizam.kfbih.com",1, 4694.20004, 1179.24528
"infobijeljina.com",1, 217.16757, 54.55537
"balkansmedia.org",1, 10.30122, 2.58780
"ekotim.net",1, 61.71599, 15.50388
"poljoprivreda.ba",1, 12.49767, 3.13958
"wikimedia.rs.ba",1, 161.86238, 40.66198
"skolskiportal.ba",1, 28.11653, 7.06324
"skupstina-zzh.ba",1, 47.90173, 12.03355
"institutfrancais.ba",1, 99.79147, 25.06894
"fucz.gov.ba",1, 4.73577, 1.18969
"rural.ba",1, 429.69361, 107.94473
"dbg.ba",1, 181.05529, 45.48349
"regional.ba",1, 322.66204, 81.05698
"sput.ba",1, 106.49229, 26.75227
"institut-genocid.unsa.ba",1, 34.89469, 8.76601
"bijeljina.org",1, 60.83506, 15.28257
"sodalive.ba",1, 24.56347, 6.17067
"tsbih.ba",1, 11.42010, 2.86888
"bh-gas.ba",1, 155.55614, 39.07776
"zupauskoplje.org",1, 60.43423, 15.18188
"automoto.ba",1, 1.72375, 0.43303
"crnelokve.ba",1, 148.72157, 37.36083
"sbk-ksb.gov.ba",1, 26.43461, 6.64072
"vakuf.ba",1, 157.61330, 39.59455
"praca.ba",1, 292.76176, 73.54564
"svjetionik.cdv.ba",1, 468.97757, 117.81338
"jeruzalem-ormoz.si",1, 13224.85592, 3322.25914
"analiziraj.ba",1, 19.39573, 4.87246
"buzimpress.ba",1, 11.05244, 2.77652
"hotel-luna.ba",1, 2878.29474, 723.06580
"faktor.ba",1, 10.70361, 2.68889
"gallery.ba",1, 71.90018, 18.06228
"cerd.ba",1, 345.45532, 86.78296
"kotorvaroskadolina.com",1, 10.64282, 2.67362
"posavina.org",1, 43.19269, 10.85058
"rzs.rs.ba",1, 101.84939, 25.58592
"astrologija.ba",1, 4.30826, 1.08229
"maglaj.ba",1, 6.76620, 1.69976
"alr.ba",1, 48.44270, 12.16945
"ghpasha.com",1, 524.60222, 131.78703
"vitalniznaci.ba",1, 363.16774, 91.23255
"korner.ba",1, 19.03103, 4.78085
"uino.gov.ba",1, 15.05712, 3.78255
"blmojgrad.com",1, 34.75667, 8.73134
"lazyhorse.ba",1, 1004.96885, 252.46150
"zlatkolukic.com",1, 31.35259, 7.87619
"basigovci.com",1, 382.05986, 95.97850
"bkbih.ba",1, 4.55852, 1.14516
"glascelinca.com",1, 394.20495, 99.02951
"detektor.ba",1, 20.21779, 5.07898
"justice-report.com",1, 3.28333, 0.82482
"vakcine.ba",1, 14.08717, 3.53888
"fmeri.gov.ba",1, 380.74430, 95.64802
"sklop.org",1, 406.73155, 102.17636
"azra.ba",1, 38.62602, 9.70337
"eurotravel.ba",1, 907.58815, 227.99818
"islam-sunnet.blogspot.com",1, 50.63063, 12.71909
"e-avlija.blogspot.com",1, 646.42443, 162.39039
"energis.ba",1, 48.15380, 12.09687
"capljinka.ba",1, 3692.65457, 927.64378
"abcportal.info",1, 20.95779, 5.26488
"sarajevo.travel",1, 120.75113, 30.33428
"diva.ba",1, 11.06753, 2.78031
"pbk.edu.ba",1, 584.44893, 146.82132
"adorion.ba",1, 64.98117, 16.32413
"ugip-tz.ba",1, 68.57451, 17.22683
"likvidno.com",1, 139.69265, 35.09264
"svemir.ba",1, 44.20524, 11.10494
"jelah.ba",1, 308.98716, 77.62167
"osppnjegos.rs.ba",1, 164.57939, 41.34452
"nekros.info",1, 265.91060, 66.80027
"catbih.ba",1, 24.29437, 6.10307
"e-cris.rs.cobiss.net",1, 263.32484, 66.15069
"ets-sa.edu.ba",1, 108.25306, 27.19460
"osprvail.edu.ba",1, 117.09265, 29.41523
"matbibli.rs.ba",1, 84.60175, 21.25308
"feb.ba",1, 14.63061, 3.67540
"nahla.ba",1, 49.05156, 12.32240
"valter.ba",1, 308.57997, 77.51938
"lilium.ba",1, 35.18119, 8.83798
"mpoint.ba",1, 124.65340, 31.31459
"bauerfeind.ba",1, 47.02907, 11.81433
"osmaosnovnail.edu.ba",1, 149.60469, 37.58268
"kuk.ba",1, 12026.22849, 3021.14804
"psiholoskisavjeti.blogspot.com",1, 72.01204, 18.09038
"urbanmagazin.ba",1, 412.03619, 103.50895
"vakuf-gazi.ba",1, 426.79121, 107.21561
"1gimnazija.com.ba",1, 277.82535, 69.79341
"vlada.ks.gov.ba",1, 6.35385, 1.59617
"bhgolf.ba",1, 17.60343, 4.42222
"tff.ba",1, 68.59105, 17.23098
"skola-domaljevac.net",1, 97.61836, 24.52303
"teslicdanas.net",1, 21.40531, 5.37730
"bosnasrebrena.ba",1, 90.77123, 22.80294
"neretva.ba",1, 667.45165, 167.67270
"medresamostar.com",1, 17.52948, 4.40364
"snagalokalnog.ba",1, 247.30875, 62.12724
"gradacac.ba",1, 15.66149, 3.93437
"klobuk.info",1, 217.49982, 54.63884
"zaboljitak.ba",1, 10.28940, 2.58483
"brcko.tv",1, 42.24566, 10.61267
"ssjablanica.com.ba",1, 411.31242, 103.32713
"oluja.info",1, 73.83254, 18.54771
"dnevnik.ba",1, 31.69030, 7.96102
"forum.narkomanija.ba",1, 1.27218, 0.31959
"parlament.ba",1, 74.05093, 18.60257
"fotobih.ba",1, 223.99874, 56.27145
"el-asr.com",1, 187.00059, 46.97703
"fhn.unmo.ba",1, 186.31789, 46.80552
"bhtornjak.com",1, 102.23916, 25.68383
"otvorena-kuca.ba",1, 257.53262, 64.69561
"sport.novi.ba",1, 5.07992, 1.27614
"ff.untz.ba",1, 45.72343, 11.48633
"raiffeisenbank.team.ba",1, 20.65890, 5.18979
"aarhus.ba",1, 11.15352, 2.80191
"druga-gimnazija.ba",1, 145.32809, 36.50834
"ba.ambafrance.org",1, 46.21177, 11.60901
"farf.sum.ba",1, 571.77271, 143.63689
"siadizajn.ba",1, 65.45559, 16.44331
"brcanski-forum.com",1, 164.34836, 41.28649
"treca-gimnazija.edu.ba",1, 313.58765, 78.77738
"naklada-mate.ba",1, 104.42228, 26.23226
"mizzenica.ba",1, 17.71861, 4.45115
"eui-zzh.ba",1, 50.53679, 12.69551
"medjugorje.org",1, 17.34963, 4.35846
"modrica.ba",1, 310.60250, 78.02747
"suggsbih.ba",1, 686.79807, 172.53278
"ecos.ba",1, 253.28847, 63.62942
"semerkand.ba",1, 30.71348, 7.71563
"olovo.co.ba",1, 3984.66630, 1001.00100
"dompenzionera.ba",1, 1283.26294, 322.37266
"hocu.ba",1, 48.66537, 12.22539
"mizbosanskagradiska.com",1, 12.87755, 3.23501
"kockice.ba",1, 80.95423, 20.33678
"raftinguna.com",1, 1452.80351, 364.96350
"elskolapd.com",1, 392.95969, 98.71668
"pascisk.50megs.com",1, 307.62609, 77.27975
"balans.co.ba",1, 150.02192, 37.68750
"az.medzlistuzla.ba",1, 11.98860, 3.01169
"obnovljivi.com",1, 4.41415, 1.10889
"zepa-bih.blogspot.com",1, 2126.43250, 534.18803
"simply-selma.com",1, 9.66227, 2.42729
"ldamostar.org",1, 48.61664, 12.21314
"online.zehra.ba",1, 137.57324, 34.56022
"intersport.ba",1, 64.63195, 16.23640
"zupabihac.com",1, 47.14437, 11.84329
"pdkonjuh.ba",1, 468.04017, 117.57790
"ugbih.ba",1, 55.97134, 14.06074
"citluk.ba",1, 506.31921, 127.19410
"furniturewood.ba",1, 53.92708, 13.54720
"sapna.ba",1, 39.61744, 9.95243
"unze.ba",1, 9.88601, 2.48350
"grude-online.info",1, 7.27692, 1.82806
"mtto-hnz-k.ba",1, 4902.31728, 1231.52709
"oculus.sfera.ba",1, 35.31822, 8.87241
"nutricionista.ba",1, 882.04778, 221.58210
"tekstovi.net",1, 1.62488, 0.40819
"franjevackateologija.ba",1, 73.81201, 18.54256
"globalanalitika.com",1, 7.72379, 1.94032
"muzej-kresevo.ba",1, 5544.12483, 1392.75766
"osonh.edu.ba",1, 1948.44916, 489.47626
"radiom.ba",1, 286.83396, 72.05649
"ckdbih.com",1, 220.68309, 55.43852
"usora.ba",1, 103.28970, 25.94774
"nebotours.ba",1, 359.75433, 90.37506
"pkusk.com",1, 26.64356, 6.69322
"ekran.ba",1, 2.94742, 0.74043
"spdzdk.ba",1, 180.93185, 45.45248
"impulsportal.info",1, 18.27602, 4.59118
"balkanko.com",1, 353.77547, 88.87309
"post.ba",1, 403.84312, 101.45075
"wlm.wikimedia.rs.ba",1, 3387.81415, 851.06383
"stap.ba",1, 139.54573, 35.05574
"watsanfbih.org",1, 235.82237, 59.24171
"javnarasprava.ba",1, 26.20007, 6.58181
"cydonia.ba",1, 299.50204, 75.23888
"opstinabileca.ba",1, 151.06378, 37.94922
"oskovacici.edu.ba",1, 190.23568, 47.78973
"mpsv-hnz-k.ba",1, 180.96475, 45.46074
"ikvrijeme.ba",1, 1322.48559, 332.22591
"lookalno.ba",1, 62.18552, 15.62183
"onlinepeticija.com",1, 9.88054, 2.48212
"lijekizprirode.com",1, 4.36168, 1.09571
"sportsport.ba",1, 6.20375, 1.55847
"trebevic.ba",1, 320.66068, 80.55421
"oktal-pharma.ba",1, 73.43483, 18.44780
"geologija.ba",1, 498.33270, 125.18778
"tuzlalive.ba",1, 238.57846, 59.93407
"zepter.ba",1, 54.10740, 13.59250
"anarhija.info",1, 12.30645, 3.09154
"drenova.com",1, 27.45733, 6.89765
"hemija.pmf.unsa.ba",1, 1431.38498, 359.58288
"relaxtours.com",1, 719.70378, 180.79913
"vijesti.ba",1, 58.99841, 14.82118
"usrvitez.ba",1, 565.92005, 142.16662
"kalmanradio.ba",1, 3169.33251, 796.17834
"monkshnk.gov.ba",1, 41.71617, 10.47965
"hdzbih.org",1, 30.34472, 7.62300
"mff.ba",1, 548.83243, 137.87398
"obala.edu.ba",1, 83.06065, 20.86594
"almira-hotel.ba",1, 2126.43250, 534.18803
"clanak.ba",1, 49.07696, 12.32878
"startravel.ba",1, 244.64886, 61.45904
"radioilijas.ba",1, 1686.72950, 423.72881
